
COPY hubs (hub_id, pi_id, sleep_period, port, "time") FROM stdin;
0013a20040d84807	000000001d22b32f	359000	54417	2015-10-20 22:05:36.273269+00
0013a20040dabde6	0000000096dfc7d8	359000	48122	2015-10-20 22:07:03.539374+00
0013a20040d84807	000000001d22b32f	359000	54417	2015-10-20 21:14:57.554328+00
0013a20040d84807	000000001d22b32f	359000	54417	2015-10-20 21:27:37.370373+00
0013a20040dabde6	0000000096dfc7d8	359000	48122	2015-10-20 21:29:03.937073+00
0013a20040dc274f	00000000705e7801	359000	57591	2015-10-20 21:34:50.045017+00
0013a20040d847dd	00000000b8e1cfda	359000	50125	2015-10-20 21:37:55.685511+00
0013a20040d84807	000000001d22b32f	359000	54417	2015-10-20 21:40:16.774968+00
0013a20040dabde6	0000000096dfc7d8	359000	48122	2015-10-20 21:41:44.027143+00
0013a20040dc274f	00000000705e7801	359000	57591	2015-10-20 21:47:30.77456+00
0013a20040d847dd	00000000b8e1cfda	359000	50125	2015-10-20 21:50:40.743376+00
0013a20040d84807	000000001d22b32f	359000	54417	2015-10-20 21:52:56.328237+00
0013a20040dabde6	0000000096dfc7d8	359000	48122	2015-10-20 21:54:23.655229+00
0013a20040dc274f	00000000705e7801	359000	57591	2015-10-20 22:00:12.142212+00
0013a20040d847dd	00000000b8e1cfda	359000	50125	2015-10-20 22:03:25.51812+00
0013a20040dc274f	00000000705e7801	359000	57591	2015-10-20 22:12:53.788448+00
0013a20040dc274f	00000000705e7801	359000	35215	2015-10-20 00:08:23.544738+00
0013a20040dabde6	0000000096dfc7d8	359000	48122	2015-10-20 00:09:37.231978+00
0013a20040dc274f	00000000705e7801	359000	35215	2015-10-20 00:21:05.064403+00
0013a20040dabde6	0000000096dfc7d8	359000	48122	2015-10-20 00:22:17.724018+00
0013a20040d847dd	00000000b8e1cfda	359000	43885	2015-10-20 00:23:29.751143+00
0013a20040dc274f	00000000705e7801	359000	35215	2015-10-20 00:33:45.24159+00
0013a20040dabde6	0000000096dfc7d8	359000	48122	2015-10-20 00:34:59.244077+00
0013a20040dc274f	00000000705e7801	359000	35215	2015-10-20 00:46:25.642685+00
0013a20040dabde6	0000000096dfc7d8	359000	48122	2015-10-20 00:47:40.286673+00
0013a20040dc274f	00000000705e7801	359000	35215	2015-10-20 00:59:06.196752+00
0013a20040dabde6	0000000096dfc7d8	359000	48122	2015-10-20 01:00:20.976491+00
0013a20040dc274f	00000000705e7801	359000	35215	2015-10-20 01:11:46.940153+00
0013a20040dabde6	0000000096dfc7d8	359000	48122	2015-10-20 01:13:01.208295+00
0013a20040d847dd	00000000b8e1cfda	359000	43885	2015-10-20 01:18:57.473462+00
0013a20040dc274f	00000000705e7801	359000	35215	2015-10-20 01:24:27.506477+00
0013a20040dabde6	0000000096dfc7d8	359000	48122	2015-10-20 01:25:42.265676+00
0013a20040d847dd	00000000b8e1cfda	359000	43885	2015-10-20 01:31:45.446116+00
0013a20040d84807	000000001d22b32f	359000	54417	2015-10-20 00:09:10.838158+00
0013a20040d84807	000000001d22b32f	359000	54417	2015-10-20 00:21:50.020573+00
0013a20040d84807	000000001d22b32f	359000	54417	2015-10-20 00:34:29.481871+00
0013a20040d84807	000000001d22b32f	359000	54417	2015-10-20 00:47:08.847115+00
0013a20040d84807	000000001d22b32f	359000	54417	2015-10-20 00:59:48.004795+00
0013a20040d84807	000000001d22b32f	359000	54417	2015-10-20 01:12:27.333078+00
0013a20040d84807	000000001d22b32f	359000	54417	2015-10-20 01:25:06.570616+00
0013a20040d84807	000000001d22b32f	359000	54417	2015-10-20 01:37:46.241232+00
0013a20040d84807	000000001d22b32f	359000	54417	2015-10-20 01:50:25.937869+00
0013a20040d84807	000000001d22b32f	359000	54417	2015-10-20 02:03:05.241044+00
0013a20040d84807	000000001d22b32f	359000	54417	2015-10-20 02:15:44.748919+00
0013a20040d84807	000000001d22b32f	359000	54417	2015-10-20 02:28:24.467618+00
0013a20040d84807	000000001d22b32f	359000	54417	2015-10-20 02:41:03.789165+00
0013a20040d84807	000000001d22b32f	359000	54417	2015-10-20 02:53:43.275846+00
0013a20040d84807	000000001d22b32f	359000	54417	2015-10-20 03:06:23.00289+00
0013a20040dabde6	0000000096dfc7d8	359000	48122	2015-10-20 03:07:05.489749+00
0013a20040d84807	000000001d22b32f	359000	54417	2015-10-20 03:19:02.053571+00
0013a20040d84807	000000001d22b32f	359000	54417	2015-10-20 03:31:41.165541+00
0013a20040d84807	000000001d22b32f	359000	54417	2015-10-20 03:44:20.265784+00
0013a20040d84807	000000001d22b32f	359000	54417	2015-10-20 03:56:59.472095+00
0013a20040d84807	000000001d22b32f	359000	54417	2015-10-20 04:09:39.016344+00
0013a20040d84807	000000001d22b32f	359000	54417	2015-10-20 04:22:18.676351+00
0013a20040d84807	000000001d22b32f	359000	54417	2015-10-20 04:34:57.868951+00
0013a20040d84807	000000001d22b32f	359000	54417	2015-10-20 04:47:37.103926+00
0013a20040d84807	000000001d22b32f	359000	54417	2015-10-20 05:00:16.276516+00
0013a20040d84807	000000001d22b32f	359000	54417	2015-10-20 05:12:55.986511+00
0013a20040d84807	000000001d22b32f	359000	54417	2015-10-20 05:25:35.310344+00
0013a20040d84807	000000001d22b32f	359000	54417	2015-10-20 05:38:14.696107+00
0013a20040d84807	000000001d22b32f	359000	54417	2015-10-20 05:50:54.093806+00
0013a20040d84807	000000001d22b32f	359000	54417	2015-10-20 06:03:33.296088+00
0013a20040d84807	000000001d22b32f	359000	54417	2015-10-20 06:16:12.767108+00
0013a20040d84807	000000001d22b32f	359000	54417	2015-10-20 06:28:52.254752+00
0013a20040d84807	000000001d22b32f	359000	54417	2015-10-20 06:41:31.516242+00
0013a20040d84807	000000001d22b32f	359000	54417	2015-10-20 06:54:10.960162+00
0013a20040d84807	000000001d22b32f	359000	54417	2015-10-20 07:06:50.525631+00
0013a20040dc274f	00000000705e7801	359000	35215	2015-10-20 01:37:08.267494+00
0013a20040dabde6	0000000096dfc7d8	359000	48122	2015-10-20 01:38:22.591569+00
0013a20040dc274f	00000000705e7801	359000	35215	2015-10-20 01:49:49.534049+00
0013a20040dabde6	0000000096dfc7d8	359000	48122	2015-10-20 01:51:02.502863+00
0013a20040d847dd	00000000b8e1cfda	359000	43885	2015-10-20 01:58:43.712895+00
0013a20040dc274f	00000000705e7801	359000	35215	2015-10-20 02:02:29.893984+00
0013a20040dabde6	0000000096dfc7d8	359000	48122	2015-10-20 02:03:42.922268+00
0013a20040dc274f	00000000705e7801	359000	35215	2015-10-20 02:15:10.210762+00
0013a20040dabde6	0000000096dfc7d8	359000	48122	2015-10-20 02:16:23.343018+00
0013a20040dc274f	00000000705e7801	359000	35215	2015-10-20 02:27:51.588761+00
0013a20040dabde6	0000000096dfc7d8	359000	48122	2015-10-20 02:29:03.62295+00
0013a20040dc274f	00000000705e7801	359000	35215	2015-10-20 02:40:32.040256+00
0013a20040dabde6	0000000096dfc7d8	359000	48122	2015-10-20 02:41:43.820662+00
0013a20040dc274f	00000000705e7801	359000	35215	2015-10-20 02:53:12.792052+00
0013a20040dabde6	0000000096dfc7d8	359000	48122	2015-10-20 02:54:25.216357+00
0013a20040dc274f	00000000705e7801	359000	35215	2015-10-20 03:05:54.520435+00
0013a20040dc274f	00000000705e7801	359000	35215	2015-10-20 03:18:34.910916+00
0013a20040dabde6	0000000096dfc7d8	359000	48122	2015-10-20 03:19:45.776328+00
0013a20040d847dd	00000000b8e1cfda	359000	43885	2015-10-20 03:21:44.041956+00
0013a20040dc274f	00000000705e7801	359000	35215	2015-10-20 03:31:15.419811+00
0013a20040dabde6	0000000096dfc7d8	359000	48122	2015-10-20 03:32:25.923119+00
0013a20040d847dd	00000000b8e1cfda	359000	43885	2015-10-20 03:34:28.759706+00
0013a20040dc274f	00000000705e7801	359000	35215	2015-10-20 03:43:56.214591+00
0013a20040dabde6	0000000096dfc7d8	359000	48122	2015-10-20 03:45:05.840019+00
0013a20040d847dd	00000000b8e1cfda	359000	43885	2015-10-20 03:47:43.919708+00
0013a20040dc274f	00000000705e7801	359000	35215	2015-10-20 03:56:36.682934+00
0013a20040dabde6	0000000096dfc7d8	359000	48122	2015-10-20 03:57:45.523145+00
0013a20040dc274f	00000000705e7801	359000	35215	2015-10-20 04:09:17.303953+00
0013a20040dabde6	0000000096dfc7d8	359000	48122	2015-10-20 04:10:25.313319+00
0013a20040d847dd	00000000b8e1cfda	359000	43885	2015-10-20 04:13:46.512221+00
0013a20040d847dd	00000000b8e1cfda	359000	42414	2015-10-20 04:15:57.601784+00
0013a20040dc274f	00000000705e7801	359000	35215	2015-10-20 04:21:57.423921+00
0013a20040dabde6	0000000096dfc7d8	359000	48122	2015-10-20 04:23:05.139285+00
0013a20040d847dd	00000000b8e1cfda	359000	42414	2015-10-20 04:28:37.243997+00
0013a20040dc274f	00000000705e7801	359000	35215	2015-10-20 04:34:37.630182+00
0013a20040dabde6	0000000096dfc7d8	359000	48122	2015-10-20 04:35:44.632049+00
0013a20040dc274f	00000000705e7801	359000	35215	2015-10-20 04:47:17.924862+00
0013a20040dabde6	0000000096dfc7d8	359000	48122	2015-10-20 04:48:24.500425+00
0013a20040d847dd	00000000b8e1cfda	359000	42414	2015-10-20 04:54:26.301865+00
0013a20040dc274f	00000000705e7801	359000	35215	2015-10-20 04:59:57.934767+00
0013a20040dabde6	0000000096dfc7d8	359000	48122	2015-10-20 05:01:04.649323+00
0013a20040d847dd	00000000b8e1cfda	359000	42414	2015-10-20 05:07:19.684606+00
0013a20040dc274f	00000000705e7801	359000	35215	2015-10-20 05:12:38.237762+00
0013a20040dabde6	0000000096dfc7d8	359000	48122	2015-10-20 05:13:44.745978+00
0013a20040d847dd	00000000b8e1cfda	359000	42414	2015-10-20 05:20:21.490621+00
0013a20040dc274f	00000000705e7801	359000	35215	2015-10-20 05:25:17.886039+00
0013a20040dabde6	0000000096dfc7d8	359000	48122	2015-10-20 05:26:24.88269+00
0013a20040dc274f	00000000705e7801	359000	35215	2015-10-20 05:37:58.100422+00
0013a20040dabde6	0000000096dfc7d8	359000	48122	2015-10-20 05:39:04.72567+00
0013a20040d847dd	00000000b8e1cfda	359000	42414	2015-10-20 05:48:33.504409+00
0013a20040dc274f	00000000705e7801	359000	35215	2015-10-20 05:50:38.375765+00
0013a20040dabde6	0000000096dfc7d8	359000	48122	2015-10-20 05:51:44.733744+00
0013a20040d847dd	00000000b8e1cfda	359000	42414	2015-10-20 06:01:24.551825+00
0013a20040dc274f	00000000705e7801	359000	35215	2015-10-20 06:03:18.260459+00
0013a20040dabde6	0000000096dfc7d8	359000	48122	2015-10-20 06:04:24.788796+00
0013a20040d847dd	00000000b8e1cfda	359000	42414	2015-10-20 06:14:12.663012+00
0013a20040dc274f	00000000705e7801	359000	35215	2015-10-20 06:15:58.63863+00
0013a20040dabde6	0000000096dfc7d8	359000	48122	2015-10-20 06:17:04.69342+00
0013a20040d847dd	00000000b8e1cfda	359000	42414	2015-10-20 06:27:08.080003+00
0013a20040dc274f	00000000705e7801	359000	35215	2015-10-20 06:28:39.134505+00
0013a20040dabde6	0000000096dfc7d8	359000	48122	2015-10-20 06:29:44.249839+00
0013a20040dc274f	00000000705e7801	359000	35215	2015-10-20 06:41:18.879993+00
0013a20040dabde6	0000000096dfc7d8	359000	48122	2015-10-20 06:42:24.001009+00
0013a20040dc274f	00000000705e7801	359000	35215	2015-10-20 06:53:58.799099+00
0013a20040dabde6	0000000096dfc7d8	359000	48122	2015-10-20 06:55:03.904465+00
0013a20040dc274f	00000000705e7801	359000	35215	2015-10-20 07:06:38.949735+00
0013a20040dabde6	0000000096dfc7d8	359000	48122	2015-10-20 07:07:43.78223+00
0013a20040dc274f	00000000705e7801	359000	35215	2015-10-20 07:19:19.80663+00
0013a20040d84807	000000001d22b32f	359000	54417	2015-10-20 07:19:29.584561+00
0013a20040dabde6	0000000096dfc7d8	359000	48122	2015-10-20 07:20:23.92178+00
0013a20040d847dd	00000000b8e1cfda	359000	42414	2015-10-20 07:22:46.241266+00
0013a20040dc274f	00000000705e7801	359000	35215	2015-10-20 07:32:00.596791+00
0013a20040d84807	000000001d22b32f	359000	54417	2015-10-20 07:32:09.028893+00
0013a20040dabde6	0000000096dfc7d8	359000	48122	2015-10-20 07:33:03.682615+00
0013a20040d847dd	00000000b8e1cfda	359000	42414	2015-10-20 07:35:30.744847+00
0013a20040dc274f	00000000705e7801	359000	35215	2015-10-20 07:44:40.618569+00
0013a20040d84807	000000001d22b32f	359000	54417	2015-10-20 07:44:48.432902+00
0013a20040dabde6	0000000096dfc7d8	359000	48122	2015-10-20 07:45:43.713614+00
0013a20040d847dd	00000000b8e1cfda	359000	42414	2015-10-20 07:48:29.66057+00
0013a20040dc274f	00000000705e7801	359000	35215	2015-10-20 07:57:21.068242+00
0013a20040d84807	000000001d22b32f	359000	54417	2015-10-20 07:57:28.086589+00
0013a20040dabde6	0000000096dfc7d8	359000	48122	2015-10-20 07:58:23.362129+00
0013a20040dc274f	00000000705e7801	359000	35215	2015-10-20 08:10:01.556015+00
0013a20040d84807	000000001d22b32f	359000	54417	2015-10-20 08:10:07.527406+00
0013a20040dabde6	0000000096dfc7d8	359000	48122	2015-10-20 08:11:03.267264+00
0013a20040dc274f	00000000705e7801	359000	35215	2015-10-20 08:22:42.279786+00
0013a20040d84807	000000001d22b32f	359000	54417	2015-10-20 08:22:46.761435+00
0013a20040dabde6	0000000096dfc7d8	359000	48122	2015-10-20 08:23:43.199865+00
0013a20040dc274f	00000000705e7801	359000	35215	2015-10-20 08:35:22.341585+00
0013a20040d84807	000000001d22b32f	359000	54417	2015-10-20 08:35:26.218432+00
0013a20040dabde6	0000000096dfc7d8	359000	48122	2015-10-20 08:36:23.033125+00
0013a20040d847dd	00000000b8e1cfda	359000	42414	2015-10-20 08:42:25.982139+00
0013a20040dc274f	00000000705e7801	359000	35215	2015-10-20 08:48:02.554563+00
0013a20040d84807	000000001d22b32f	359000	54417	2015-10-20 08:48:05.591688+00
0013a20040dabde6	0000000096dfc7d8	359000	48122	2015-10-20 08:49:02.935047+00
0013a20040d847dd	00000000b8e1cfda	359000	42414	2015-10-20 08:55:09.219521+00
0013a20040dc274f	00000000705e7801	359000	35215	2015-10-20 09:00:43.083167+00
0013a20040d84807	000000001d22b32f	359000	54417	2015-10-20 09:00:44.704326+00
0013a20040d84807	000000001d22b32f	359000	54417	2015-10-20 09:13:24.016812+00
0013a20040dc274f	00000000705e7801	359000	35215	2015-10-20 09:26:03.512629+00
0013a20040dc274f	00000000705e7801	359000	35215	2015-10-20 09:38:43.977326+00
0013a20040dc274f	00000000705e7801	359000	35215	2015-10-20 09:51:24.484613+00
0013a20040dc274f	00000000705e7801	359000	35215	2015-10-20 10:04:04.882387+00
0013a20040dc274f	00000000705e7801	359000	35215	2015-10-20 10:16:45.793301+00
0013a20040d84807	000000001d22b32f	359000	54417	2015-10-20 10:29:20.591296+00
0013a20040dabde6	0000000096dfc7d8	359000	48122	2015-10-20 10:30:24.345031+00
0013a20040dc274f	00000000705e7801	359000	35215	2015-10-20 10:42:07.213962+00
0013a20040d847dd	00000000b8e1cfda	359000	50125	2015-10-20 10:54:22.109576+00
0013a20040dc274f	00000000705e7801	359000	35215	2015-10-20 10:54:47.968757+00
0013a20040d84807	000000001d22b32f	359000	54417	2015-10-20 11:07:19.070453+00
0013a20040dabde6	0000000096dfc7d8	359000	48122	2015-10-20 11:08:23.940445+00
0013a20040dc274f	00000000705e7801	359000	35215	2015-10-20 11:20:10.130121+00
0013a20040dc274f	00000000705e7801	359000	35215	2015-10-20 11:32:50.765079+00
0013a20040dc274f	00000000705e7801	359000	35215	2015-10-20 11:45:31.373042+00
0013a20040dc274f	00000000705e7801	359000	35215	2015-10-20 11:58:11.773084+00
0013a20040dc274f	00000000705e7801	359000	35215	2015-10-20 12:10:52.4593+00
0013a20040dc274f	00000000705e7801	359000	35215	2015-10-20 12:23:32.798816+00
0013a20040dc274f	00000000705e7801	359000	35215	2015-10-20 12:36:13.124944+00
0013a20040dc274f	00000000705e7801	359000	35215	2015-10-20 12:48:55.051054+00
0013a20040dc274f	00000000705e7801	359000	35215	2015-10-20 13:01:35.355684+00
0013a20040dc274f	00000000705e7801	359000	35215	2015-10-20 13:14:18.218262+00
0013a20040dc274f	00000000705e7801	359000	35215	2015-10-20 13:27:00.514447+00
0013a20040dc274f	00000000705e7801	359000	35215	2015-10-20 13:39:41.117041+00
0013a20040dc274f	00000000705e7801	359000	35215	2015-10-20 13:52:27.009514+00
0013a20040dc274f	00000000705e7801	359000	35215	2015-10-20 14:05:08.19485+00
0013a20040dc274f	00000000705e7801	359000	35215	2015-10-20 14:17:48.068733+00
0013a20040d84807	000000001d22b32f	359000	54417	2015-10-20 14:29:50.534903+00
0013a20040dc274f	00000000705e7801	359000	35215	2015-10-20 14:30:28.407157+00
0013a20040dabde6	0000000096dfc7d8	359000	48122	2015-10-20 14:31:03.444007+00
0013a20040d84807	000000001d22b32f	359000	54417	2015-10-20 14:42:29.955664+00
0013a20040dc274f	00000000705e7801	359000	35215	2015-10-20 14:43:09.828513+00
0013a20040dc274f	00000000705e7801	359000	35215	2015-10-20 14:55:50.520282+00
0013a20040dc274f	00000000705e7801	359000	35215	2015-10-20 15:08:31.04082+00
0013a20040dc274f	00000000705e7801	359000	35215	2015-10-20 15:21:11.254043+00
0013a20040dc274f	00000000705e7801	359000	35215	2015-10-20 15:33:56.499667+00
0013a20040dc274f	00000000705e7801	359000	35215	2015-10-20 15:46:36.875134+00
0013a20040dc274f	00000000705e7801	359000	35215	2015-10-20 15:59:17.598223+00
0013a20040dc274f	00000000705e7801	359000	35215	2015-10-20 16:12:00.165826+00
0013a20040dc274f	00000000705e7801	359000	35215	2015-10-20 16:24:42.640335+00
0013a20040dc274f	00000000705e7801	359000	35215	2015-10-20 16:37:24.083456+00
0013a20040dc274f	00000000705e7801	359000	35215	2015-10-20 16:50:04.858638+00
0013a20040dabde6	0000000096dfc7d8	359000	48122	2015-10-20 17:03:04.330278+00
0013a20040dc274f	00000000705e7801	359000	35215	2015-10-20 17:15:26.57368+00
0013a20040dc274f	00000000705e7801	359000	35215	2015-10-20 17:28:07.377199+00
0013a20040dabde6	0000000096dfc7d8	359000	48122	2015-10-20 17:41:04.573937+00
0013a20040dabde6	0000000096dfc7d8	359000	48122	2015-10-20 17:53:44.572277+00
0013a20040dabde6	0000000096dfc7d8	359000	48122	2015-10-20 18:06:24.851836+00
0013a20040dc274f	00000000705e7801	359000	35215	2015-10-20 18:19:12.257867+00
0013a20040dc274f	00000000705e7801	359000	35215	2015-10-20 18:31:52.748982+00
0013a20040dc274f	00000000705e7801	359000	35215	2015-10-20 18:44:35.591007+00
0013a20040dc274f	00000000705e7801	359000	57591	2015-10-20 18:49:55.202125+00
0013a20040d847dd	00000000b8e1cfda	359000	50125	2015-10-20 19:04:53.935545+00
0013a20040dabde6	0000000096dfc7d8	359000	48122	2015-10-20 19:22:24.385557+00
0013a20040d847dd	00000000b8e1cfda	359000	50125	2015-10-20 20:46:54.749583+00
0013a20040dabde6	0000000096dfc7d8	359000	48122	2015-10-20 20:51:03.869815+00
0013a20040dabde6	0000000096dfc7d8	359000	48122	2015-10-20 09:01:42.898535+00
0013a20040d847dd	00000000b8e1cfda	359000	42414	2015-10-20 09:07:55.687941+00
0013a20040dc274f	00000000705e7801	359000	35215	2015-10-20 09:13:23.257374+00
0013a20040dabde6	0000000096dfc7d8	359000	48122	2015-10-20 09:14:22.797513+00
0013a20040d847dd	00000000b8e1cfda	359000	42414	2015-10-20 09:20:52.68245+00
0013a20040d84807	000000001d22b32f	359000	54417	2015-10-20 09:26:03.312897+00
0013a20040dabde6	0000000096dfc7d8	359000	48122	2015-10-20 09:27:02.81844+00
0013a20040d847dd	00000000b8e1cfda	359000	42414	2015-10-20 09:33:38.300978+00
0013a20040d84807	000000001d22b32f	359000	54417	2015-10-20 09:38:42.257352+00
0013a20040dabde6	0000000096dfc7d8	359000	48122	2015-10-20 09:39:42.58878+00
0013a20040d847dd	00000000b8e1cfda	359000	42414	2015-10-20 09:46:29.282246+00
0013a20040d84807	000000001d22b32f	359000	54417	2015-10-20 09:51:21.705996+00
0013a20040dabde6	0000000096dfc7d8	359000	48122	2015-10-20 09:52:22.504563+00
0013a20040d847dd	00000000b8e1cfda	359000	42414	2015-10-20 09:59:09.796477+00
0013a20040d84807	000000001d22b32f	359000	54417	2015-10-20 10:04:01.483874+00
0013a20040dabde6	0000000096dfc7d8	359000	48122	2015-10-20 10:05:02.05106+00
0013a20040d847dd	00000000b8e1cfda	359000	42414	2015-10-20 10:12:00.995404+00
0013a20040d847dd	00000000b8e1cfda	359000	50125	2015-10-20 10:15:14.08801+00
0013a20040d84807	000000001d22b32f	359000	54417	2015-10-20 10:16:40.895921+00
0013a20040dabde6	0000000096dfc7d8	359000	48122	2015-10-20 10:17:42.154492+00
0013a20040d847dd	00000000b8e1cfda	359000	50125	2015-10-20 10:28:12.613497+00
0013a20040dc274f	00000000705e7801	359000	35215	2015-10-20 10:29:26.770233+00
0013a20040d84807	000000001d22b32f	359000	54417	2015-10-20 10:42:00.419034+00
0013a20040dabde6	0000000096dfc7d8	359000	48122	2015-10-20 10:43:04.472914+00
0013a20040d84807	000000001d22b32f	359000	54417	2015-10-20 10:54:39.612565+00
0013a20040dabde6	0000000096dfc7d8	359000	48122	2015-10-20 10:55:44.238007+00
0013a20040dc274f	00000000705e7801	359000	35215	2015-10-20 11:07:28.404953+00
0013a20040d84807	000000001d22b32f	359000	54417	2015-10-20 11:19:59.013173+00
0013a20040dabde6	0000000096dfc7d8	359000	48122	2015-10-20 11:21:03.972343+00
0013a20040d847dd	00000000b8e1cfda	359000	50125	2015-10-20 11:24:33.899906+00
0013a20040d84807	000000001d22b32f	359000	54417	2015-10-20 11:32:38.463195+00
0013a20040dabde6	0000000096dfc7d8	359000	48122	2015-10-20 11:33:43.703303+00
0013a20040d84807	000000001d22b32f	359000	54417	2015-10-20 11:45:17.813903+00
0013a20040dabde6	0000000096dfc7d8	359000	48122	2015-10-20 11:46:23.789559+00
0013a20040d84807	000000001d22b32f	359000	54417	2015-10-20 11:57:57.590488+00
0013a20040dabde6	0000000096dfc7d8	359000	48122	2015-10-20 11:59:04.233206+00
0013a20040d847dd	00000000b8e1cfda	359000	50125	2015-10-20 12:03:43.984556+00
0013a20040d84807	000000001d22b32f	359000	54417	2015-10-20 12:10:37.199047+00
0013a20040dabde6	0000000096dfc7d8	359000	48122	2015-10-20 12:11:44.0383+00
0013a20040d847dd	00000000b8e1cfda	359000	50125	2015-10-20 12:16:30.961909+00
0013a20040d84807	000000001d22b32f	359000	54417	2015-10-20 12:23:16.37538+00
0013a20040dabde6	0000000096dfc7d8	359000	48122	2015-10-20 12:24:24.150626+00
0013a20040d847dd	00000000b8e1cfda	359000	50125	2015-10-20 12:29:13.458472+00
0013a20040d84807	000000001d22b32f	359000	54417	2015-10-20 12:35:55.743804+00
0013a20040dabde6	0000000096dfc7d8	359000	48122	2015-10-20 12:37:04.109064+00
0013a20040d847dd	00000000b8e1cfda	359000	50125	2015-10-20 12:41:54.511221+00
0013a20040d84807	000000001d22b32f	359000	54417	2015-10-20 12:48:34.948911+00
0013a20040dabde6	0000000096dfc7d8	359000	48122	2015-10-20 12:49:43.655515+00
0013a20040d847dd	00000000b8e1cfda	359000	50125	2015-10-20 12:54:44.646878+00
0013a20040d84807	000000001d22b32f	359000	54417	2015-10-20 13:01:14.223866+00
0013a20040dabde6	0000000096dfc7d8	359000	48122	2015-10-20 13:02:23.354289+00
0013a20040d847dd	00000000b8e1cfda	359000	50125	2015-10-20 13:07:38.500501+00
0013a20040d84807	000000001d22b32f	359000	54417	2015-10-20 13:13:53.720848+00
0013a20040dabde6	0000000096dfc7d8	359000	48122	2015-10-20 13:15:03.240694+00
0013a20040d847dd	00000000b8e1cfda	359000	50125	2015-10-20 13:20:21.765128+00
0013a20040d84807	000000001d22b32f	359000	54417	2015-10-20 13:26:33.343383+00
0013a20040dabde6	0000000096dfc7d8	359000	48122	2015-10-20 13:27:43.724871+00
0013a20040d847dd	00000000b8e1cfda	359000	50125	2015-10-20 13:33:04.10494+00
0013a20040d84807	000000001d22b32f	359000	54417	2015-10-20 13:39:12.842576+00
0013a20040dabde6	0000000096dfc7d8	359000	48122	2015-10-20 13:40:23.299017+00
0013a20040d847dd	00000000b8e1cfda	359000	50125	2015-10-20 13:45:47.733066+00
0013a20040d84807	000000001d22b32f	359000	54417	2015-10-20 13:51:52.413621+00
0013a20040dabde6	0000000096dfc7d8	359000	48122	2015-10-20 13:53:03.065213+00
0013a20040d847dd	00000000b8e1cfda	359000	50125	2015-10-20 13:58:30.974642+00
0013a20040d84807	000000001d22b32f	359000	54417	2015-10-20 14:04:31.858169+00
0013a20040dabde6	0000000096dfc7d8	359000	48122	2015-10-20 14:05:43.314999+00
0013a20040d847dd	00000000b8e1cfda	359000	50125	2015-10-20 14:11:12.33064+00
0013a20040d84807	000000001d22b32f	359000	54417	2015-10-20 14:17:11.219889+00
0013a20040dabde6	0000000096dfc7d8	359000	48122	2015-10-20 14:18:23.29575+00
0013a20040d847dd	00000000b8e1cfda	359000	50125	2015-10-20 14:23:57.936172+00
0013a20040d847dd	00000000b8e1cfda	359000	50125	2015-10-20 14:36:40.868734+00
0013a20040dabde6	0000000096dfc7d8	359000	48122	2015-10-20 14:43:43.171063+00
0013a20040d847dd	00000000b8e1cfda	359000	50125	2015-10-20 14:49:29.760416+00
0013a20040d84807	000000001d22b32f	359000	54417	2015-10-20 14:55:09.796094+00
0013a20040dabde6	0000000096dfc7d8	359000	48122	2015-10-20 14:56:22.786481+00
0013a20040d847dd	00000000b8e1cfda	359000	50125	2015-10-20 15:02:20.400505+00
0013a20040d84807	000000001d22b32f	359000	54417	2015-10-20 15:07:49.238755+00
0013a20040dabde6	0000000096dfc7d8	359000	48122	2015-10-20 15:09:03.50661+00
0013a20040d847dd	00000000b8e1cfda	359000	50125	2015-10-20 15:15:02.133661+00
0013a20040d84807	000000001d22b32f	359000	54417	2015-10-20 15:20:28.651805+00
0013a20040dabde6	0000000096dfc7d8	359000	48122	2015-10-20 15:21:43.552522+00
0013a20040d847dd	00000000b8e1cfda	359000	50125	2015-10-20 15:27:51.36207+00
0013a20040d84807	000000001d22b32f	359000	54417	2015-10-20 15:33:08.315747+00
0013a20040dabde6	0000000096dfc7d8	359000	48122	2015-10-20 15:34:23.710865+00
0013a20040d84807	000000001d22b32f	359000	54417	2015-10-20 15:45:47.607912+00
0013a20040dabde6	0000000096dfc7d8	359000	48122	2015-10-20 15:47:03.89279+00
0013a20040d847dd	00000000b8e1cfda	359000	50125	2015-10-20 15:53:29.861637+00
0013a20040d84807	000000001d22b32f	359000	54417	2015-10-20 15:58:27.279686+00
0013a20040dabde6	0000000096dfc7d8	359000	48122	2015-10-20 15:59:43.964126+00
0013a20040d84807	000000001d22b32f	359000	54417	2015-10-20 16:11:06.941143+00
0013a20040dabde6	0000000096dfc7d8	359000	48122	2015-10-20 16:12:24.404266+00
0013a20040d847dd	00000000b8e1cfda	359000	50125	2015-10-20 16:19:19.81908+00
0013a20040d84807	000000001d22b32f	359000	54417	2015-10-20 16:23:46.657069+00
0013a20040dabde6	0000000096dfc7d8	359000	48122	2015-10-20 16:25:04.613971+00
0013a20040d847dd	00000000b8e1cfda	359000	50125	2015-10-20 16:32:06.911538+00
0013a20040d84807	000000001d22b32f	359000	54417	2015-10-20 16:36:26.517032+00
0013a20040dabde6	0000000096dfc7d8	359000	48122	2015-10-20 16:37:44.548928+00
0013a20040d847dd	00000000b8e1cfda	359000	50125	2015-10-20 16:44:52.467146+00
0013a20040d84807	000000001d22b32f	359000	54417	2015-10-20 16:49:06.522095+00
0013a20040dabde6	0000000096dfc7d8	359000	48122	2015-10-20 16:50:24.329058+00
0013a20040d847dd	00000000b8e1cfda	359000	50125	2015-10-20 16:57:36.620304+00
0013a20040d84807	000000001d22b32f	359000	54417	2015-10-20 17:01:46.347039+00
0013a20040dc274f	00000000705e7801	359000	35215	2015-10-20 17:02:45.630817+00
0013a20040d847dd	00000000b8e1cfda	359000	50125	2015-10-20 17:10:21.682835+00
0013a20040d84807	000000001d22b32f	359000	54417	2015-10-20 17:14:26.254886+00
0013a20040dabde6	0000000096dfc7d8	359000	48122	2015-10-20 17:15:44.668955+00
0013a20040d847dd	00000000b8e1cfda	359000	50125	2015-10-20 17:23:07.215392+00
0013a20040d84807	000000001d22b32f	359000	54417	2015-10-20 17:27:05.706049+00
0013a20040dabde6	0000000096dfc7d8	359000	48122	2015-10-20 17:28:24.775151+00
0013a20040d847dd	00000000b8e1cfda	359000	50125	2015-10-20 17:35:54.824889+00
0013a20040d84807	000000001d22b32f	359000	54417	2015-10-20 17:39:44.846149+00
0013a20040dc274f	00000000705e7801	359000	35215	2015-10-20 17:41:06.997798+00
0013a20040d847dd	00000000b8e1cfda	359000	50125	2015-10-20 17:48:36.303363+00
0013a20040d84807	000000001d22b32f	359000	54417	2015-10-20 17:52:24.16619+00
0013a20040dc274f	00000000705e7801	359000	35215	2015-10-20 17:53:48.664195+00
0013a20040d847dd	00000000b8e1cfda	359000	50125	2015-10-20 18:01:20.696026+00
0013a20040d84807	000000001d22b32f	359000	54417	2015-10-20 18:05:03.515139+00
0013a20040dc274f	00000000705e7801	359000	35215	2015-10-20 18:06:30.444337+00
0013a20040d847dd	00000000b8e1cfda	359000	50125	2015-10-20 18:14:03.700961+00
0013a20040d84807	000000001d22b32f	359000	54417	2015-10-20 18:17:43.166858+00
0013a20040dabde6	0000000096dfc7d8	359000	48122	2015-10-20 18:19:05.387606+00
0013a20040d847dd	00000000b8e1cfda	359000	50125	2015-10-20 18:26:46.465329+00
0013a20040d84807	000000001d22b32f	359000	54417	2015-10-20 18:30:22.901451+00
0013a20040dabde6	0000000096dfc7d8	359000	48122	2015-10-20 18:31:45.196595+00
0013a20040d847dd	00000000b8e1cfda	359000	50125	2015-10-20 18:39:29.672004+00
0013a20040d84807	000000001d22b32f	359000	54417	2015-10-20 18:43:02.717167+00
0013a20040dabde6	0000000096dfc7d8	359000	48122	2015-10-20 18:44:25.236338+00
0013a20040d847dd	00000000b8e1cfda	359000	50125	2015-10-20 18:52:11.373925+00
0013a20040d84807	000000001d22b32f	359000	54417	2015-10-20 18:55:42.18973+00
0013a20040dabde6	0000000096dfc7d8	359000	48122	2015-10-20 18:57:05.015415+00
0013a20040dc274f	00000000705e7801	359000	57591	2015-10-20 19:02:36.462653+00
0013a20040d84807	000000001d22b32f	359000	54417	2015-10-20 19:08:21.738919+00
0013a20040dabde6	0000000096dfc7d8	359000	48122	2015-10-20 19:09:44.828901+00
0013a20040dc274f	00000000705e7801	359000	57591	2015-10-20 19:15:19.267272+00
0013a20040d847dd	00000000b8e1cfda	359000	50125	2015-10-20 19:17:42.753351+00
0013a20040d84807	000000001d22b32f	359000	54417	2015-10-20 19:21:01.693346+00
0013a20040dc274f	00000000705e7801	359000	57591	2015-10-20 19:28:00.34751+00
0013a20040d847dd	00000000b8e1cfda	359000	50125	2015-10-20 19:30:24.054142+00
0013a20040d84807	000000001d22b32f	359000	54417	2015-10-20 19:33:41.347954+00
0013a20040dabde6	0000000096dfc7d8	359000	48122	2015-10-20 19:35:04.156193+00
0013a20040dc274f	00000000705e7801	359000	57591	2015-10-20 19:40:42.902678+00
0013a20040d847dd	00000000b8e1cfda	359000	50125	2015-10-20 19:43:09.399173+00
0013a20040d84807	000000001d22b32f	359000	54417	2015-10-20 19:46:21.21006+00
0013a20040dabde6	0000000096dfc7d8	359000	48122	2015-10-20 19:47:44.00757+00
0013a20040dc274f	00000000705e7801	359000	57591	2015-10-20 19:53:23.442585+00
0013a20040d847dd	00000000b8e1cfda	359000	50125	2015-10-20 19:55:55.439875+00
0013a20040d84807	000000001d22b32f	359000	54417	2015-10-20 19:59:00.734457+00
0013a20040dabde6	0000000096dfc7d8	359000	48122	2015-10-20 20:00:24.037974+00
0013a20040dc274f	00000000705e7801	359000	57591	2015-10-20 20:06:04.262348+00
0013a20040d847dd	00000000b8e1cfda	359000	50125	2015-10-20 20:08:39.876282+00
0013a20040d84807	000000001d22b32f	359000	54417	2015-10-20 20:11:40.385548+00
0013a20040dabde6	0000000096dfc7d8	359000	48122	2015-10-20 20:13:03.664428+00
0013a20040dc274f	00000000705e7801	359000	57591	2015-10-20 20:18:45.101132+00
0013a20040d847dd	00000000b8e1cfda	359000	50125	2015-10-20 20:21:27.505021+00
0013a20040d84807	000000001d22b32f	359000	54417	2015-10-20 20:24:19.834791+00
0013a20040dabde6	0000000096dfc7d8	359000	48122	2015-10-20 20:25:43.958463+00
0013a20040dc274f	00000000705e7801	359000	57591	2015-10-20 20:31:25.320169+00
0013a20040d847dd	00000000b8e1cfda	359000	50125	2015-10-20 20:34:12.969372+00
0013a20040d84807	000000001d22b32f	359000	54417	2015-10-20 20:36:59.213706+00
0013a20040dabde6	0000000096dfc7d8	359000	48122	2015-10-20 20:38:24.133239+00
0013a20040dc274f	00000000705e7801	359000	57591	2015-10-20 20:44:06.696473+00
0013a20040d84807	000000001d22b32f	359000	54417	2015-10-20 20:49:38.805548+00
0013a20040dc274f	00000000705e7801	359000	57591	2015-10-20 20:56:47.257898+00
0013a20040d847dd	00000000b8e1cfda	359000	50125	2015-10-20 20:59:39.031631+00
0013a20040d84807	000000001d22b32f	359000	54417	2015-10-20 21:02:18.293651+00
0013a20040dabde6	0000000096dfc7d8	359000	48122	2015-10-20 21:03:43.882264+00
0013a20040d847dd	00000000b8e1cfda	359000	50125	2015-10-20 22:16:17.658359+00
0013a20040d84807	000000001d22b32f	359000	54417	2015-10-20 22:18:16.087571+00
0013a20040dabde6	0000000096dfc7d8	359000	48122	2015-10-20 22:19:43.889502+00
0013a20040dc274f	00000000705e7801	359000	57591	2015-10-20 22:25:34.057726+00
0013a20040d847dd	00000000b8e1cfda	359000	50125	2015-10-20 22:29:04.237658+00
0013a20040d84807	000000001d22b32f	359000	54417	2015-10-20 22:30:55.740412+00
0013a20040dabde6	0000000096dfc7d8	359000	48122	2015-10-20 22:32:24.104847+00
0013a20040dc274f	00000000705e7801	359000	57591	2015-10-20 22:38:14.681684+00
0013a20040d847dd	00000000b8e1cfda	359000	50125	2015-10-20 22:41:47.028559+00
0013a20040d84807	000000001d22b32f	359000	54417	2015-10-20 22:43:35.414648+00
0013a20040dabde6	0000000096dfc7d8	359000	48122	2015-10-20 22:45:04.05901+00
0013a20040dc274f	00000000705e7801	359000	57591	2015-10-20 22:50:55.765536+00
0013a20040d847dd	00000000b8e1cfda	359000	50125	2015-10-20 22:54:30.910954+00
0013a20040d84807	000000001d22b32f	359000	54417	2015-10-20 22:56:15.42289+00
0013a20040dabde6	0000000096dfc7d8	359000	48122	2015-10-20 22:57:44.045824+00
0013a20040dc274f	00000000705e7801	359000	57591	2015-10-20 23:03:36.229072+00
0013a20040d847dd	00000000b8e1cfda	359000	50125	2015-10-20 23:07:15.763938+00
0013a20040d84807	000000001d22b32f	359000	54417	2015-10-20 23:08:54.869696+00
0013a20040dabde6	0000000096dfc7d8	359000	48122	2015-10-20 23:10:24.005278+00
0013a20040dc274f	00000000705e7801	359000	57591	2015-10-20 23:16:17.410227+00
0013a20040d847dd	00000000b8e1cfda	359000	50125	2015-10-20 23:20:00.382778+00
0013a20040d84807	000000001d22b32f	359000	54417	2015-10-20 23:21:34.562706+00
0013a20040dabde6	0000000096dfc7d8	359000	48122	2015-10-20 23:23:04.633781+00
0013a20040dc274f	00000000705e7801	359000	57591	2015-10-20 23:28:58.222824+00
0013a20040d847dd	00000000b8e1cfda	359000	50125	2015-10-20 23:32:41.728267+00
0013a20040d84807	000000001d22b32f	359000	54417	2015-10-20 23:34:14.43196+00
0013a20040dabde6	0000000096dfc7d8	359000	48122	2015-10-20 23:35:44.848416+00
0013a20040dc274f	00000000705e7801	359000	57591	2015-10-20 23:41:39.397547+00
0013a20040d847dd	00000000b8e1cfda	359000	50125	2015-10-20 23:45:27.494996+00
0013a20040d84807	000000001d22b32f	359000	54417	2015-10-20 23:46:54.849262+00
0013a20040dabde6	0000000096dfc7d8	359000	48122	2015-10-20 23:48:24.747362+00
0013a20040dc274f	00000000705e7801	359000	57591	2015-10-20 23:54:19.975478+00
0013a20040d847dd	00000000b8e1cfda	359000	50125	2015-10-20 23:58:20.018171+00
0013a20040d84807	000000001d22b32f	359000	54417	2015-10-20 23:59:34.354719+00
\.

COPY temperatures (hub_id, cell_id, temperature, sleep_period, relay, hub_time, "time", relayed_time) FROM stdin;
0013a20040d84807	0013a20040c17fae	73.1999969	359000	t	2015-10-20 22:06:01+00	2015-10-20 22:06:05.025698+00	\N
0013a20040d84807	0013a20040d848d9	70.9000015	359000	t	2015-10-20 22:06:01+00	2015-10-20 22:06:07.882731+00	\N
0013a20040dabde6	0013a20040d847d9	83.6999969	359000	t	2015-10-20 22:10:04+00	2015-10-20 22:10:07.252697+00	\N
0013a20040dabde6	0013a20040d84811	86	359000	t	2015-10-20 22:10:04+00	2015-10-20 22:10:09.730537+00	\N
0013a20040dabde6	0013a20040d847d9	95.3000031	359000	t	2015-10-20 21:10:04+00	2015-10-20 21:10:07.057588+00	\N
0013a20040d847dd	0013a20040d847d7	74.4000015	359000	t	2015-10-20 21:42:24+00	2015-10-20 21:42:40.34827+00	\N
0013a20040d847dd	0013a20040d847d6	73.1999969	359000	t	2015-10-20 21:42:24+00	2015-10-20 21:42:32.234284+00	2015-10-20 22:16:35.630199+00
0013a20040dc274f	0013a20040dc2740	72.5999985	359000	t	2015-10-20 22:04:23+00	2015-10-20 22:04:27.310131+00	2015-10-20 22:16:37.706719+00
0013a20040dc274f	0013a20040dc2730	69.1999969	359000	t	2015-10-20 22:04:23+00	2015-10-20 22:04:31.438163+00	2015-10-20 22:16:38.759665+00
0013a20040dc274f	0013a20040dc2740	72.0999985	359000	t	2015-10-20 09:04:22+00	2015-10-20 09:04:24.666107+00	2015-10-20 09:05:17.791353+00
0013a20040d84807	0013a20040dc2745	65.0999985	359000	t	2015-10-20 09:06:01+00	2015-10-20 09:06:04.04458+00	2015-10-20 09:06:45.622123+00
0013a20040dc274f	0013a20040dc2730	62.2000008	359000	t	2015-10-20 15:04:23+00	2015-10-20 15:04:30.822455+00	2015-10-20 15:05:23.794669+00
0013a20040d84807	0013a20040dc2745	68	359000	t	2015-10-20 15:06:01+00	2015-10-20 15:06:06.732452+00	2015-10-20 15:06:50.806536+00
0013a20040dc274f	0013a20040dc2740	72.5999985	359000	t	2015-10-20 00:04:22+00	2015-10-20 00:04:25.703086+00	2015-10-20 00:04:56.501378+00
0013a20040d84807	0013a20040c17fae	70.9000015	359000	t	2015-10-20 00:06:01+00	2015-10-20 00:06:09.032945+00	\N
0013a20040d84807	0013a20040dc2745	64.5	359000	t	2015-10-20 00:06:01+00	2015-10-20 00:06:03.509487+00	2015-10-20 00:06:48.895001+00
0013a20040dabde6	0013a20040d84811	75	359000	t	2015-10-20 00:10:05+00	2015-10-20 00:10:12.108865+00	\N
0013a20040d847dd	0013a20040d847d7	75.5	359000	t	2015-10-20 00:42:24+00	2015-10-20 00:42:26.572829+00	\N
0013a20040dc274f	0013a20040dc2740	72.0999985	359000	t	2015-10-20 01:04:22+00	2015-10-20 01:04:25.828116+00	2015-10-20 01:05:02.011676+00
0013a20040d84807	0013a20040c17fae	70.9000015	359000	t	2015-10-20 01:06:01+00	2015-10-20 01:06:02.887765+00	\N
0013a20040d84807	0013a20040d848d9	68	359000	t	2015-10-20 01:06:01+00	2015-10-20 01:06:09.224947+00	\N
0013a20040dabde6	0013a20040d847d9	73.1999969	359000	t	2015-10-20 01:10:05+00	2015-10-20 01:10:07.948272+00	\N
0013a20040d847dd	0013a20040d847d6	73.1999969	359000	t	2015-10-20 01:42:24+00	2015-10-20 01:42:39.063568+00	2015-10-20 01:43:26.856665+00
0013a20040dc274f	0013a20040dc2740	72.0999985	359000	t	2015-10-20 02:04:22+00	2015-10-20 02:04:25.183604+00	2015-10-20 02:04:59.160916+00
0013a20040d84807	0013a20040c17fae	71.5	359000	t	2015-10-20 02:06:01+00	2015-10-20 02:06:08.763349+00	\N
0013a20040d84807	0013a20040dc2745	68	359000	t	2015-10-20 02:06:01+00	2015-10-20 02:06:03.072008+00	2015-10-20 02:06:56.020036+00
0013a20040dabde6	0013a20040d847d9	71.5	359000	t	2015-10-20 02:10:05+00	2015-10-20 02:10:07.415058+00	\N
0013a20040dc274f	0013a20040dc2740	72.0999985	359000	t	2015-10-20 03:04:22+00	2015-10-20 03:04:26.620743+00	2015-10-20 03:05:14.95582+00
0013a20040d84807	0013a20040d848d9	67.4000015	359000	t	2015-10-20 03:06:01+00	2015-10-20 03:06:08.844988+00	\N
0013a20040d84807	0013a20040dc2745	66.8000031	359000	t	2015-10-20 03:06:01+00	2015-10-20 03:06:06.153688+00	2015-10-20 03:06:43.106294+00
0013a20040dabde6	0013a20040d847d9	69.6999969	359000	t	2015-10-20 03:10:05+00	2015-10-20 03:10:07.372314+00	\N
0013a20040d847dd	0013a20040d847d6	71.5	359000	t	2015-10-20 03:42:23+00	2015-10-20 03:42:36.605777+00	2015-10-20 03:43:29.11398+00
0013a20040dc274f	0013a20040dc2740	72.0999985	359000	t	2015-10-20 04:04:22+00	2015-10-20 04:04:25.890565+00	2015-10-20 04:05:00.072684+00
0013a20040d84807	0013a20040c17fae	70.3000031	359000	t	2015-10-20 04:06:01+00	2015-10-20 04:06:03.789354+00	\N
0013a20040d84807	0013a20040d848d9	66.8000031	359000	t	2015-10-20 04:06:01+00	2015-10-20 04:06:09.083874+00	\N
0013a20040dabde6	0013a20040d847d9	66.8000031	359000	t	2015-10-20 04:10:05+00	2015-10-20 04:10:06.72149+00	\N
0013a20040d847dd	0013a20040d847d6	70.3000031	359000	t	2015-10-20 04:42:23+00	2015-10-20 04:42:31.556555+00	2015-10-20 04:43:16.600814+00
0013a20040dc274f	0013a20040dc2740	72.0999985	359000	t	2015-10-20 05:04:22+00	2015-10-20 05:04:24.975838+00	2015-10-20 05:05:15.912196+00
0013a20040d84807	0013a20040c17fae	70.3000031	359000	t	2015-10-20 05:06:01+00	2015-10-20 05:06:02.720642+00	\N
0013a20040d84807	0013a20040d848d9	66.8000031	359000	t	2015-10-20 05:06:01+00	2015-10-20 05:06:09.205448+00	\N
0013a20040dabde6	0013a20040d847d9	65.0999985	359000	t	2015-10-20 05:10:05+00	2015-10-20 05:10:06.998472+00	\N
0013a20040d847dd	0013a20040d847d6	69.1999969	359000	t	2015-10-20 05:42:23+00	2015-10-20 05:42:30.961758+00	2015-10-20 05:43:05.849339+00
0013a20040dc274f	0013a20040dc2730	58.7000008	359000	t	2015-10-20 06:04:23+00	2015-10-20 06:04:28.004391+00	2015-10-20 06:05:03.389577+00
0013a20040d84807	0013a20040c17fae	70.3000031	359000	t	2015-10-20 06:06:01+00	2015-10-20 06:06:03.069705+00	\N
0013a20040d84807	0013a20040dc2745	66.3000031	359000	t	2015-10-20 06:06:01+00	2015-10-20 06:06:08.376704+00	2015-10-20 06:07:00.220632+00
0013a20040dabde6	0013a20040d847d9	64.5	359000	t	2015-10-20 06:10:05+00	2015-10-20 06:10:07.411262+00	\N
0013a20040d847dd	0013a20040d847d7	70.3000031	359000	t	2015-10-20 06:42:23+00	2015-10-20 06:42:55.915673+00	\N
0013a20040dc274f	0013a20040dc2740	72.5999985	359000	t	2015-10-20 07:04:22+00	2015-10-20 07:04:25.173188+00	2015-10-20 07:05:10.815933+00
0013a20040d84807	0013a20040c17fae	69.6999969	359000	t	2015-10-20 07:06:01+00	2015-10-20 07:06:03.442963+00	\N
0013a20040dabde6	0013a20040d847d9	63.9000015	359000	t	2015-10-20 07:10:05+00	2015-10-20 07:10:06.922061+00	\N
0013a20040d847dd	0013a20040d847d7	70.3000031	359000	t	2015-10-20 07:42:23+00	2015-10-20 07:45:02.829685+00	\N
0013a20040dc274f	0013a20040dc2740	72.0999985	359000	t	2015-10-20 08:04:22+00	2015-10-20 08:04:24.941425+00	2015-10-20 08:04:58.454427+00
0013a20040d84807	0013a20040c17fae	69.1999969	359000	t	2015-10-20 08:06:01+00	2015-10-20 08:06:03.67079+00	\N
0013a20040dabde6	0013a20040d847d9	63.4000015	359000	t	2015-10-20 08:10:05+00	2015-10-20 08:10:07.567272+00	\N
0013a20040d847dd	0013a20040d847d7	70.3000031	359000	t	2015-10-20 08:42:23+00	2015-10-20 08:42:29.8804+00	\N
0013a20040dc274f	0013a20040dc2730	62.7999992	359000	t	2015-10-20 00:04:22+00	2015-10-20 00:04:29.714137+00	2015-10-20 00:04:57.553133+00
0013a20040d84807	0013a20040d848d9	68	359000	t	2015-10-20 00:06:01+00	2015-10-20 00:06:06.105004+00	\N
0013a20040dabde6	0013a20040d847d9	73.1999969	359000	t	2015-10-20 00:10:05+00	2015-10-20 00:10:07.969019+00	\N
0013a20040d847dd	0013a20040d847d6	75	359000	t	2015-10-20 00:42:24+00	2015-10-20 00:42:29.854486+00	2015-10-20 00:43:02.936146+00
0013a20040dc274f	0013a20040dc2730	61.5999985	359000	t	2015-10-20 01:04:22+00	2015-10-20 01:04:29.568431+00	2015-10-20 01:05:04.09474+00
0013a20040d84807	0013a20040dc2745	67.4000015	359000	t	2015-10-20 01:06:01+00	2015-10-20 01:06:05.548613+00	2015-10-20 01:07:00.166897+00
0013a20040dabde6	0013a20040d84811	73.8000031	359000	t	2015-10-20 01:10:05+00	2015-10-20 01:10:10.819501+00	\N
0013a20040d847dd	0013a20040d847d7	74.4000015	359000	t	2015-10-20 01:42:24+00	2015-10-20 01:42:40.621585+00	\N
0013a20040dc274f	0013a20040dc2730	61.5999985	359000	t	2015-10-20 02:04:22+00	2015-10-20 02:04:28.141749+00	2015-10-20 02:05:00.210431+00
0013a20040d84807	0013a20040d848d9	68	359000	t	2015-10-20 02:06:01+00	2015-10-20 02:06:05.871162+00	\N
0013a20040dabde6	0013a20040d84811	72.5999985	359000	t	2015-10-20 02:10:05+00	2015-10-20 02:10:10.560383+00	\N
0013a20040d847dd	0013a20040d847d7	74.4000015	359000	t	2015-10-20 02:42:24+00	2015-10-20 02:44:57.336619+00	\N
0013a20040d847dd	0013a20040d847d6	73.8000031	359000	t	2015-10-20 02:42:24+00	2015-10-20 02:44:54.165017+00	2015-10-20 02:45:39.72579+00
0013a20040dc274f	0013a20040dc2730	61.5999985	359000	t	2015-10-20 03:04:22+00	2015-10-20 03:04:30.382015+00	2015-10-20 03:05:16.019008+00
0013a20040d84807	0013a20040c17fae	70.9000015	359000	t	2015-10-20 03:06:01+00	2015-10-20 03:06:03.498117+00	\N
0013a20040dabde6	0013a20040d84811	71.5	359000	t	2015-10-20 03:10:05+00	2015-10-20 03:10:10.088423+00	\N
0013a20040d847dd	0013a20040d847d7	72.5999985	359000	t	2015-10-20 03:42:23+00	2015-10-20 03:42:38.109649+00	\N
0013a20040dc274f	0013a20040dc2730	59.9000015	359000	t	2015-10-20 04:04:22+00	2015-10-20 04:04:29.579666+00	2015-10-20 04:05:01.143627+00
0013a20040d84807	0013a20040dc2745	66.3000031	359000	t	2015-10-20 04:06:01+00	2015-10-20 04:06:06.466629+00	2015-10-20 04:06:56.867558+00
0013a20040dabde6	0013a20040d84811	70.9000015	359000	t	2015-10-20 04:10:05+00	2015-10-20 04:10:10.312373+00	\N
0013a20040d847dd	0013a20040d847d7	71.5	359000	t	2015-10-20 04:42:23+00	2015-10-20 04:43:30.231155+00	\N
0013a20040dc274f	0013a20040dc2730	59.2999992	359000	t	2015-10-20 05:04:22+00	2015-10-20 05:04:27.979857+00	2015-10-20 05:05:16.965718+00
0013a20040d84807	0013a20040dc2745	66.3000031	359000	t	2015-10-20 05:06:01+00	2015-10-20 05:06:06.571283+00	2015-10-20 05:06:44.045577+00
0013a20040dabde6	0013a20040d84811	70.3000031	359000	t	2015-10-20 05:10:05+00	2015-10-20 05:10:09.643308+00	\N
0013a20040d847dd	0013a20040d847d7	70.3000031	359000	t	2015-10-20 05:42:23+00	2015-10-20 05:42:43.003461+00	\N
0013a20040dc274f	0013a20040dc2740	72.0999985	359000	t	2015-10-20 06:04:22+00	2015-10-20 06:04:25.283069+00	2015-10-20 06:05:04.453179+00
0013a20040d84807	0013a20040d848d9	66.8000031	359000	t	2015-10-20 06:06:01+00	2015-10-20 06:06:05.713232+00	\N
0013a20040dabde6	0013a20040d84811	69.1999969	359000	t	2015-10-20 06:10:05+00	2015-10-20 06:10:10.030379+00	\N
0013a20040d847dd	0013a20040d847d6	69.1999969	359000	t	2015-10-20 06:42:23+00	2015-10-20 06:42:36.41065+00	2015-10-20 06:43:14.643522+00
0013a20040dc274f	0013a20040dc2730	58.0999985	359000	t	2015-10-20 07:04:22+00	2015-10-20 07:04:28.013154+00	2015-10-20 07:05:11.866367+00
0013a20040d84807	0013a20040d848d9	67.4000015	359000	t	2015-10-20 07:06:01+00	2015-10-20 07:06:06.01313+00	\N
0013a20040d84807	0013a20040dc2745	65.6999969	359000	t	2015-10-20 07:06:01+00	2015-10-20 07:06:08.621928+00	2015-10-20 07:06:38.660141+00
0013a20040dabde6	0013a20040d84811	68.5999985	359000	t	2015-10-20 07:10:05+00	2015-10-20 07:10:10.761876+00	\N
0013a20040d847dd	0013a20040d847d6	68.5999985	359000	t	2015-10-20 07:42:23+00	2015-10-20 07:45:16.555217+00	2015-10-20 07:45:50.849959+00
0013a20040dc274f	0013a20040dc2730	58.0999985	359000	t	2015-10-20 08:04:23+00	2015-10-20 08:04:27.72606+00	2015-10-20 08:04:59.51016+00
0013a20040d84807	0013a20040d848d9	67.4000015	359000	t	2015-10-20 08:06:01+00	2015-10-20 08:06:08.945813+00	\N
0013a20040d84807	0013a20040dc2745	65.6999969	359000	t	2015-10-20 08:06:01+00	2015-10-20 08:06:06.287026+00	2015-10-20 08:07:00.277045+00
0013a20040dabde6	0013a20040d84811	68	359000	t	2015-10-20 08:10:05+00	2015-10-20 08:10:10.208649+00	\N
0013a20040d847dd	0013a20040d847d6	69.1999969	359000	t	2015-10-20 08:42:23+00	2015-10-20 08:42:27.257553+00	2015-10-20 08:43:21.626343+00
0013a20040dc274f	0013a20040dc2730	57.5	359000	t	2015-10-20 09:04:23+00	2015-10-20 09:04:27.319694+00	2015-10-20 09:05:18.842544+00
0013a20040d84807	0013a20040c17fae	69.1999969	359000	t	2015-10-20 09:06:01+00	2015-10-20 09:06:06.792945+00	\N
0013a20040dabde6	0013a20040d84811	68	359000	t	2015-10-20 09:10:05+00	2015-10-20 09:10:10.04319+00	\N
0013a20040d847dd	0013a20040d847d6	69.1999969	359000	t	2015-10-20 09:42:24+00	2015-10-20 09:43:16.638053+00	2015-10-20 09:44:00.94788+00
0013a20040dc274f	0013a20040dc2730	57.5	359000	t	2015-10-20 10:04:23+00	2015-10-20 10:04:29.835445+00	2015-10-20 10:05:03.159995+00
0013a20040d84807	0013a20040c17fae	69.1999969	359000	t	2015-10-20 10:06:01+00	2015-10-20 10:06:03.962996+00	\N
0013a20040d84807	0013a20040dc2745	65.0999985	359000	t	2015-10-20 10:06:01+00	2015-10-20 10:06:09.318927+00	2015-10-20 10:07:00.066227+00
0013a20040dabde6	0013a20040d84811	67.4000015	359000	t	2015-10-20 10:10:05+00	2015-10-20 10:10:10.426509+00	\N
0013a20040dc274f	0013a20040dc2730	58.0999985	359000	t	2015-10-20 11:04:23+00	2015-10-20 11:04:28.442821+00	2015-10-20 11:05:15.878204+00
0013a20040d84807	0013a20040dc2745	65.0999985	359000	t	2015-10-20 11:06:01+00	2015-10-20 11:06:06.317765+00	2015-10-20 11:06:44.336931+00
0013a20040dabde6	0013a20040d84811	67.4000015	359000	t	2015-10-20 11:10:05+00	2015-10-20 11:10:10.071678+00	\N
0013a20040d847dd	0013a20040d847d7	71.5	359000	t	2015-10-20 11:42:23+00	2015-10-20 11:43:21.315204+00	\N
0013a20040dc274f	0013a20040dc2740	72.0999985	359000	t	2015-10-20 12:04:23+00	2015-10-20 12:04:28.159689+00	2015-10-20 12:04:58.795189+00
0013a20040d84807	0013a20040d848d9	67.4000015	359000	t	2015-10-20 12:06:01+00	2015-10-20 12:06:06.931774+00	\N
0013a20040dabde6	0013a20040d84811	69.1999969	359000	t	2015-10-20 12:10:05+00	2015-10-20 12:10:09.474081+00	\N
0013a20040d847dd	0013a20040d847d7	71.5	359000	t	2015-10-20 12:42:24+00	2015-10-20 12:45:35.40378+00	\N
0013a20040dc274f	0013a20040dc2730	61	359000	t	2015-10-20 13:04:23+00	2015-10-20 13:04:29.500721+00	2015-10-20 13:05:17.952621+00
0013a20040d84807	0013a20040dc2745	70.3000031	359000	t	2015-10-20 13:06:01+00	2015-10-20 13:06:06.771882+00	2015-10-20 13:06:46.162966+00
0013a20040dabde6	0013a20040d84811	69.1999969	359000	t	2015-10-20 13:10:05+00	2015-10-20 13:10:10.103798+00	\N
0013a20040d847dd	0013a20040d847d6	72.0999985	359000	t	2015-10-20 13:42:24+00	2015-10-20 13:42:35.081233+00	2015-10-20 13:43:03.214143+00
0013a20040dc274f	0013a20040dc2730	61.5999985	359000	t	2015-10-20 14:04:23+00	2015-10-20 14:04:29.402571+00	2015-10-20 14:05:00.707638+00
0013a20040d84807	0013a20040c17fae	71.5	359000	t	2015-10-20 14:06:01+00	2015-10-20 14:06:09.510492+00	\N
0013a20040d84807	0013a20040dc2745	69.1999969	359000	t	2015-10-20 14:06:01+00	2015-10-20 14:06:03.980769+00	2015-10-20 14:06:57.459633+00
0013a20040dabde6	0013a20040d84811	70.9000015	359000	t	2015-10-20 14:10:05+00	2015-10-20 14:10:09.956523+00	\N
0013a20040dabde6	0013a20040d847d9	90.0999985	359000	t	2015-10-20 15:10:04+00	2015-10-20 15:10:07.226649+00	\N
0013a20040d84807	0013a20040d848d9	67.4000015	359000	t	2015-10-20 09:06:01+00	2015-10-20 09:06:09.493792+00	\N
0013a20040dabde6	0013a20040d847d9	63.4000015	359000	t	2015-10-20 09:10:05+00	2015-10-20 09:10:07.327066+00	\N
0013a20040d847dd	0013a20040d847d7	70.3000031	359000	t	2015-10-20 09:42:24+00	2015-10-20 09:42:59.890168+00	\N
0013a20040dc274f	0013a20040dc2740	72.0999985	359000	t	2015-10-20 10:04:23+00	2015-10-20 10:04:26.16904+00	2015-10-20 10:05:04.222095+00
0013a20040d84807	0013a20040d848d9	66.8000031	359000	t	2015-10-20 10:06:01+00	2015-10-20 10:06:06.676301+00	\N
0013a20040dabde6	0013a20040d847d9	63.4000015	359000	t	2015-10-20 10:10:05+00	2015-10-20 10:10:07.585838+00	\N
0013a20040d847dd	0013a20040d847d7	70.9000015	359000	t	2015-10-20 10:42:23+00	2015-10-20 10:54:23.674848+00	\N
0013a20040d847dd	0013a20040d847d6	69.6999969	359000	t	2015-10-20 10:42:23+00	2015-10-20 10:54:22.022282+00	2015-10-20 10:55:13.792672+00
0013a20040dc274f	0013a20040dc2740	72.0999985	359000	t	2015-10-20 11:04:23+00	2015-10-20 11:04:25.378412+00	2015-10-20 11:05:16.927906+00
0013a20040d84807	0013a20040d848d9	66.8000031	359000	t	2015-10-20 11:06:01+00	2015-10-20 11:06:03.58002+00	\N
0013a20040d84807	0013a20040c17fae	69.1999969	359000	t	2015-10-20 11:06:01+00	2015-10-20 11:06:08.953692+00	\N
0013a20040dabde6	0013a20040d847d9	63.4000015	359000	t	2015-10-20 11:10:05+00	2015-10-20 11:10:07.362845+00	\N
0013a20040d847dd	0013a20040d847d6	70.3000031	359000	t	2015-10-20 11:42:23+00	2015-10-20 11:42:41.286246+00	2015-10-20 11:43:30.178627+00
0013a20040dc274f	0013a20040dc2730	60.5	359000	t	2015-10-20 12:04:23+00	2015-10-20 12:04:32.0748+00	2015-10-20 12:05:28.481424+00
0013a20040d84807	0013a20040c17fae	69.1999969	359000	t	2015-10-20 12:06:01+00	2015-10-20 12:06:04.275106+00	\N
0013a20040d84807	0013a20040dc2745	66.8000031	359000	t	2015-10-20 12:06:01+00	2015-10-20 12:06:09.729976+00	2015-10-20 12:06:55.614619+00
0013a20040dabde6	0013a20040d847d9	65.6999969	359000	t	2015-10-20 12:10:05+00	2015-10-20 12:10:06.862517+00	\N
0013a20040d847dd	0013a20040d847d6	70.9000015	359000	t	2015-10-20 12:42:24+00	2015-10-20 12:45:03.117862+00	2015-10-20 12:45:42.915439+00
0013a20040dc274f	0013a20040dc2740	72.0999985	359000	t	2015-10-20 13:04:23+00	2015-10-20 13:04:25.9518+00	2015-10-20 13:05:19.005421+00
0013a20040d84807	0013a20040c17fae	70.3000031	359000	t	2015-10-20 13:06:01+00	2015-10-20 13:06:04.051402+00	\N
0013a20040d84807	0013a20040d848d9	68.5999985	359000	t	2015-10-20 13:06:01+00	2015-10-20 13:06:09.690033+00	\N
0013a20040dabde6	0013a20040d847d9	63.9000015	359000	t	2015-10-20 13:10:05+00	2015-10-20 13:10:07.426638+00	\N
0013a20040d847dd	0013a20040d847d7	73.1999969	359000	t	2015-10-20 13:42:24+00	2015-10-20 13:42:31.992999+00	\N
0013a20040dc274f	0013a20040dc2740	71.5	359000	t	2015-10-20 14:04:23+00	2015-10-20 14:04:26.259769+00	2015-10-20 14:05:01.767879+00
0013a20040d84807	0013a20040d848d9	69.1999969	359000	t	2015-10-20 14:06:01+00	2015-10-20 14:06:06.924848+00	\N
0013a20040dabde6	0013a20040d847d9	71.5	359000	t	2015-10-20 14:10:05+00	2015-10-20 14:10:07.363608+00	\N
0013a20040d847dd	0013a20040d847d7	76.0999985	359000	t	2015-10-20 14:42:24+00	2015-10-20 14:42:35.721154+00	\N
0013a20040d847dd	0013a20040d847d6	75.5	359000	t	2015-10-20 14:42:24+00	2015-10-20 14:42:28.4621+00	2015-10-20 14:42:57.446833+00
0013a20040dc274f	0013a20040dc2740	71.5	359000	t	2015-10-20 15:04:23+00	2015-10-20 15:04:26.270141+00	2015-10-20 15:04:54.11191+00
0013a20040d84807	0013a20040c17fae	72.0999985	359000	t	2015-10-20 15:06:01+00	2015-10-20 15:06:04.063227+00	\N
0013a20040d84807	0013a20040d848d9	69.6999969	359000	t	2015-10-20 15:06:02+00	2015-10-20 15:06:09.53302+00	\N
0013a20040dabde6	0013a20040d84811	73.8000031	359000	t	2015-10-20 15:10:05+00	2015-10-20 15:10:09.867708+00	\N
0013a20040d847dd	0013a20040d847d6	76.0999985	359000	t	2015-10-20 15:42:24+00	2015-10-20 15:42:32.502781+00	2015-10-20 15:43:06.855168+00
0013a20040dc274f	0013a20040dc2740	71.5	359000	t	2015-10-20 16:04:23+00	2015-10-20 16:04:26.493534+00	2015-10-20 16:05:06.496556+00
0013a20040d847dd	0013a20040d847d7	77.3000031	359000	t	2015-10-20 15:42:24+00	2015-10-20 15:42:44.167164+00	\N
0013a20040dc274f	0013a20040dc2730	62.7999992	359000	t	2015-10-20 16:04:23+00	2015-10-20 16:04:31.045937+00	2015-10-20 16:05:07.553757+00
0013a20040d84807	0013a20040d848d9	70.3000031	359000	t	2015-10-20 16:06:01+00	2015-10-20 16:06:06.625547+00	\N
0013a20040d84807	0013a20040c17fae	72.0999985	359000	t	2015-10-20 16:06:01+00	2015-10-20 16:06:09.201705+00	\N
0013a20040d84807	0013a20040dc2745	67.4000015	359000	t	2015-10-20 16:06:01+00	2015-10-20 16:06:03.89413+00	2015-10-20 16:06:34.656845+00
0013a20040dabde6	0013a20040d847d9	91.1999969	359000	t	2015-10-20 16:10:04+00	2015-10-20 16:10:08.275939+00	\N
0013a20040dabde6	0013a20040d84811	78.5	359000	t	2015-10-20 16:10:05+00	2015-10-20 16:10:11.285015+00	\N
0013a20040d847dd	0013a20040d847d7	76.6999969	359000	t	2015-10-20 16:42:25+00	2015-10-20 16:42:37.2131+00	\N
0013a20040d847dd	0013a20040d847d6	75.5	359000	t	2015-10-20 16:42:25+00	2015-10-20 16:42:29.585784+00	2015-10-20 16:43:23.281239+00
0013a20040dc274f	0013a20040dc2740	71.5	359000	t	2015-10-20 17:04:23+00	2015-10-20 17:04:26.185312+00	2015-10-20 17:04:55.550514+00
0013a20040dc274f	0013a20040dc2730	63.4000015	359000	t	2015-10-20 17:04:23+00	2015-10-20 17:04:30.106225+00	2015-10-20 17:05:25.325921+00
0013a20040d84807	0013a20040d848d9	70.3000031	359000	t	2015-10-20 17:06:01+00	2015-10-20 17:06:03.868833+00	\N
0013a20040d84807	0013a20040c17fae	72.0999985	359000	t	2015-10-20 17:06:01+00	2015-10-20 17:06:09.593432+00	\N
0013a20040d84807	0013a20040dc2745	67.4000015	359000	t	2015-10-20 17:06:01+00	2015-10-20 17:06:06.54733+00	2015-10-20 17:06:57.461641+00
0013a20040dabde6	0013a20040d847d9	112.699997	359000	t	2015-10-20 17:10:04+00	2015-10-20 17:10:07.540156+00	\N
0013a20040dabde6	0013a20040d84811	107.5	359000	t	2015-10-20 17:10:04+00	2015-10-20 17:10:10.101271+00	\N
0013a20040d847dd	0013a20040d847d7	76.6999969	359000	t	2015-10-20 17:42:24+00	2015-10-20 17:42:41.282905+00	\N
0013a20040d847dd	0013a20040d847d6	75.5	359000	t	2015-10-20 17:42:24+00	2015-10-20 17:42:30.104392+00	2015-10-20 17:43:17.8011+00
0013a20040dc274f	0013a20040dc2740	72.0999985	359000	t	2015-10-20 18:04:23+00	2015-10-20 18:04:26.84974+00	2015-10-20 18:05:14.568698+00
0013a20040dc274f	0013a20040dc2730	64.5	359000	t	2015-10-20 18:04:23+00	2015-10-20 18:04:29.081672+00	2015-10-20 18:05:15.617624+00
0013a20040d84807	0013a20040d848d9	70.9000015	359000	t	2015-10-20 18:06:01+00	2015-10-20 18:06:04.312407+00	\N
0013a20040d84807	0013a20040c17fae	72.5999985	359000	t	2015-10-20 18:06:01+00	2015-10-20 18:06:06.970692+00	\N
0013a20040d84807	0013a20040dc2745	66.8000031	359000	t	2015-10-20 18:06:01+00	2015-10-20 18:06:09.688824+00	2015-10-20 18:06:42.397858+00
0013a20040dabde6	0013a20040d847d9	111	359000	t	2015-10-20 18:10:05+00	2015-10-20 18:10:08.259407+00	\N
0013a20040dabde6	0013a20040d84811	113.300003	359000	t	2015-10-20 18:10:05+00	2015-10-20 18:10:11.132346+00	\N
0013a20040d847dd	0013a20040d847d7	76.0999985	359000	t	2015-10-20 18:42:24+00	2015-10-20 18:42:44.003887+00	\N
0013a20040d847dd	0013a20040d847d6	75	359000	t	2015-10-20 18:42:24+00	2015-10-20 18:42:37.786248+00	2015-10-20 18:43:32.588754+00
0013a20040dc274f	0013a20040dc2740	72.5999985	359000	t	2015-10-20 19:04:23+00	2015-10-20 19:04:29.093379+00	2015-10-20 19:05:02.386863+00
0013a20040d84807	0013a20040c17fae	73.1999969	359000	t	2015-10-20 19:06:01+00	2015-10-20 19:06:05.284786+00	\N
0013a20040d84807	0013a20040d848d9	71.5	359000	t	2015-10-20 19:06:01+00	2015-10-20 19:06:08.253713+00	\N
0013a20040dc274f	0013a20040dc2730	66.3000031	359000	t	2015-10-20 19:04:23+00	2015-10-20 19:06:07.4633+00	2015-10-20 19:06:58.077316+00
0013a20040d84807	0013a20040dc2745	66.8000031	359000	t	2015-10-20 19:06:02+00	2015-10-20 19:06:10.882315+00	2015-10-20 19:06:59.131869+00
0013a20040dabde6	0013a20040d847d9	104.599998	359000	t	2015-10-20 19:10:04+00	2015-10-20 19:10:07.901297+00	\N
0013a20040dabde6	0013a20040d84811	111.5	359000	t	2015-10-20 19:10:04+00	2015-10-20 19:10:10.539046+00	\N
0013a20040d847dd	0013a20040d847d7	75.5	359000	t	2015-10-20 19:42:24+00	2015-10-20 19:42:41.069566+00	\N
0013a20040d847dd	0013a20040d847d6	74.4000015	359000	t	2015-10-20 19:42:24+00	2015-10-20 19:42:27.756634+00	2015-10-20 19:43:18.956335+00
0013a20040dc274f	0013a20040dc2740	72.5999985	359000	t	2015-10-20 20:04:23+00	2015-10-20 20:04:25.859965+00	2015-10-20 20:05:17.023766+00
0013a20040dc274f	0013a20040dc2730	67.4000015	359000	t	2015-10-20 20:04:23+00	2015-10-20 20:04:29.007354+00	2015-10-20 20:05:18.086301+00
0013a20040d84807	0013a20040d848d9	70.9000015	359000	t	2015-10-20 20:06:01+00	2015-10-20 20:06:07.316609+00	\N
0013a20040d84807	0013a20040c17fae	72.5999985	359000	t	2015-10-20 20:06:01+00	2015-10-20 20:06:10.123341+00	\N
0013a20040d84807	0013a20040dc2745	66.8000031	359000	t	2015-10-20 20:06:01+00	2015-10-20 20:06:04.61883+00	2015-10-20 20:06:45.263859+00
0013a20040dabde6	0013a20040d847d9	99.4000015	359000	t	2015-10-20 20:10:04+00	2015-10-20 20:10:07.005827+00	\N
0013a20040dabde6	0013a20040d84811	106.900002	359000	t	2015-10-20 20:10:04+00	2015-10-20 20:10:09.654306+00	\N
0013a20040d847dd	0013a20040d847d7	75	359000	t	2015-10-20 20:42:24+00	2015-10-20 20:42:42.967235+00	\N
0013a20040d847dd	0013a20040d847d6	74.4000015	359000	t	2015-10-20 20:42:24+00	2015-10-20 20:42:35.340892+00	2015-10-20 20:43:07.17228+00
0013a20040dc274f	0013a20040dc2740	72.5999985	359000	t	2015-10-20 21:04:23+00	2015-10-20 21:04:26.385154+00	2015-10-20 21:05:05.350604+00
0013a20040dc274f	0013a20040dc2730	68.5999985	359000	t	2015-10-20 21:04:23+00	2015-10-20 21:04:29.301112+00	2015-10-20 21:05:06.413701+00
0013a20040d84807	0013a20040d848d9	71.5	359000	t	2015-10-20 21:06:01+00	2015-10-20 21:06:06.785962+00	\N
0013a20040d84807	0013a20040c17fae	72.5999985	359000	t	2015-10-20 21:06:01+00	2015-10-20 21:06:09.633237+00	\N
0013a20040d84807	0013a20040dc2745	68	359000	t	2015-10-20 21:06:01+00	2015-10-20 21:06:04.011288+00	2015-10-20 21:06:33.417774+00
0013a20040d84807	0013a20040dc2745	68	359000	t	2015-10-20 22:06:01+00	2015-10-20 22:06:12.101471+00	2015-10-20 22:16:23.167027+00
0013a20040d847dd	0013a20040d847d7	73.8000031	359000	t	2015-10-20 22:42:25+00	2015-10-20 22:42:38.943268+00	\N
0013a20040d847dd	0013a20040d847d6	73.1999969	359000	t	2015-10-20 22:42:24+00	2015-10-20 22:42:27.689824+00	2015-10-20 22:43:17.968785+00
0013a20040dc274f	0013a20040dc2740	72.5999985	359000	t	2015-10-20 23:04:23+00	2015-10-20 23:04:26.428396+00	2015-10-20 23:05:16.74132+00
0013a20040dc274f	0013a20040dc2730	69.1999969	359000	t	2015-10-20 23:04:24+00	2015-10-20 23:04:30.394277+00	2015-10-20 23:05:17.797484+00
0013a20040d84807	0013a20040c17fae	73.1999969	359000	t	2015-10-20 23:06:02+00	2015-10-20 23:06:06.582021+00	\N
0013a20040d84807	0013a20040d848d9	71.5	359000	t	2015-10-20 23:06:02+00	2015-10-20 23:06:09.270024+00	\N
0013a20040d84807	0013a20040dc2745	68	359000	t	2015-10-20 23:06:01+00	2015-10-20 23:06:03.85016+00	2015-10-20 23:06:44.75059+00
0013a20040dabde6	0013a20040d847d9	78.5	359000	t	2015-10-20 23:10:04+00	2015-10-20 23:10:07.35554+00	\N
0013a20040dabde6	0013a20040d84811	81.4000015	359000	t	2015-10-20 23:10:04+00	2015-10-20 23:10:10.231871+00	\N
0013a20040d847dd	0013a20040d847d7	73.8000031	359000	t	2015-10-20 23:42:25+00	2015-10-20 23:42:53.617275+00	\N
0013a20040d847dd	0013a20040d847d6	72.5999985	359000	t	2015-10-20 23:42:25+00	2015-10-20 23:42:43.812779+00	2015-10-20 23:43:37.691383+00
\.

COPY xbees (id, short_id) FROM stdin;
0013a20040dabde6	fcd4
0013a20040d84807	2506
0013a20040d84811	7d4d
0013a20040d847d9	c912
0013a20040d847dd	a0e8
0013a20040d847d7	9f6e
0013a20040d847d6	2925
0013a20040d848d9	894c
0013a20040dc2745	3688
0013a20040c17fae	af21
\.
